Name,Email,Wallet Address,Transaction Hash,Feedback,Rating,Category,Role,Date,Status,Priority
Maria Santos (Cohort A – Disaster Victim),maria.santos@evac-center-01.gov.ph,0x4a1b8c3d5e6f7a9b0c2d4e6f8a1b3c5d7e9f0a2b4c6d8e1f3a5b7c9d0e2f4a,,I was amazed that I didn't need to sign up or input my password. In an evacuation center fast aid without filling out 10 paper forms is life-saving.,5,privacy,citizen,2026-09-08,reviewed,low
Juan dela Cruz (Cohort A – Disaster Victim),juan.delacruz@evac-center-01.gov.ph,0x5b2c9d4e6f7a8b1c3d5e7f9a0b2c4d6e8f1a3b5c7d9e0f2a4b6c8d1e3f5a7b,tx_a7b2c48e19350af1,"The 4-step wizard is very clear on my phone! Would be great to have a downloadable receipt or proof to show the local checkpoint marshals.",4,usability,citizen,2026-09-08,resolved,high
Engr. Danilo Santos (Cohort B – MDRRMO Chief),danilo.santos@mdrrmo.gov.ph,0xc853de7f9a0b1c4d6e8f0a2b4c5d7e9f1a3b6c8d0e2f5a7b9c1d3e5f7a9b2c,,"Merkle tree upload from CSV makes disbursement prep instant. We need a live transparency indicator showing active contract balance.",5,feature_request,lgu_officer,2026-09-09,resolved,medium
Volunteer Field Marshal (Cohort C – Civic Tech),volunteer.marshal@civic-tech.org,0xfda8ab8c0d1e2f5a7b9c1d3e5f6a8b0c2d4e7f9a1b3c6d7e9f1a3b5c7d9e3f,,"Lace wallet connection was fast once installed. An interactive onboarding tour explaining zero-knowledge to non-crypto users would be helpful.",4,wallet,volunteer,2026-09-09,resolved,medium
Dr. Ricardo Lim (Cohort C – Security Researcher),ricardo.lim@security-audit.ph,0xc29d6e1f3a4b5c8d0e2f4a6b8c9d1e3f5a7b0c2d4e6f8a1b3c5d7e9f0a2b4c,tx_9e3f5a7b1c8d02ef,"Deterministic nullifier derivation ensures double claiming reverts on-chain without doxxing the citizen. Proving time under 2 seconds is impressive.",5,speed,security_researcher,2026-09-09,reviewed,low
Lola Remedios (Cohort A – Elderly Victim),lola.remedios@evac-center-02.gov.ph,0xffcaab6c8d9e0f3a5b7c9d1e3f4a6b8c0d2e5f7a9b1c4d5e7f9a1b3c5d7e1f,,"Text is too small on my budget Android phone in bright sunlight at the evacuation center. Need larger fonts and higher contrast.",3,accessibility,citizen,2026-09-10,planned,high
Atty. Corazon Reyes (Cohort B – Municipal Treasurer),corazon.reyes@mto.gov.ph,0xd1ecef2a4b5c6d9e1f3a5b7c9d0e2f4a6b8c1d3e5f7a0b1c3d5e7f9a1b3c7d,,"I want to see the lifecycle of each claim — when it was submitted proved and disbursed — for my own audit trail.",4,feature_request,lgu_officer,2026-09-11,resolved,medium
Nanay Perla (Cohort A – Rural Evacuee),nanay.perla@evac-center-03.gov.ph,0xb1ecef8e1f2a3b4c5d6e7f8a9b0c1d2e3f4a5b6c7d8e9f0a1b2c3d4e5f6a7b8c,tx_c3d4e5f6a7b89012,"In rural evacuation centers elderly victims need Tagalog or Cebuano options rather than pure English technical terms.",5,usability,citizen,2026-09-14,resolved,high
Field Coordinator Ruel (Cohort C – Volunteer),ruel.coordinator@civic-tech.org,0xe41fbc1b4c5d6e7f8a9b0c1d2e3f4a5b6c7d8e9f0a1b2c3d4e5f6a7b8c9d0e1f,,"Cell reception drops to 2G/EDGE during typhoons. The app should save draft state offline without losing progress.",4,feature_request,volunteer,2026-09-14,resolved,high
Checkpoint Marshal Andrei (Cohort C – Volunteer),andrei.marshal@civic-tech.org,0xa631de3d6e7f8a9b0c1d2e3f4a5b6c7d8e9f0a1b2c3d4e5f6a7b8c9d0e1f2a3b,,"Barangay checkpoints and evacuation marshals need a 1-second way to verify a citizen's relief receipt voucher without touching their phone or seeing their private resident identity.",5,feature_request,volunteer,2026-09-15,resolved,high
Budget Officer Elena (Cohort B – Municipal Auditor),elena.budget@mto.gov.ph,0xb742ef4e7f8a9b0c1d2e3f4a5b6c7d8e9f0a1b2c3d4e5f6a7b8c9d0e1f2a3b4c,,"Municipal auditors wanted an interactive simulator in the Admin Dashboard to test emergency tranche top-ups and dual-officer threshold approvals before dispatching live tDUST to the Midnight contract.",5,feature_request,lgu_officer,2026-09-15,resolved,medium
