Item,Transaction Hash,Circuit Name,Status,Amount (PHP),Nullifier Commitment,Block Height,Relief Operation,Network,Timestamp,Midnight Explorer URL
1,0200404e196c404e196c2725b719861d5b83404e196c404e196c00000000000000,claimAid,confirmed,5000,0x404e19...196c,812949,"Siargao Flash Flood Emergency Response","Midnight Preprod",2026-09-29T01:39:57.835Z,https://preprod.midnightexplorer.com/transactions/0200404e196c404e196c2725b719861d5b83404e196c404e196c00000000000000
2,02004a830e1d76673e2840bf50b2d09e2a474a830e1d76673e2800000000000000,claimAid,confirmed,5000,0x4a830e...3e28,812947,"Davao Oriental Seismic Relief Tranche 1","Midnight Preprod",2026-09-29T01:48:27.835Z,https://preprod.midnightexplorer.com/transactions/02004a830e1d76673e2840bf50b2d09e2a474a830e1d76673e2800000000000000
3,020054b802cfac8062e35a58ea4c1b1ef90c54b802cfac8062e300000000000000,authorizeTrancheQuorum,confirmed,1000000,0x54b802...62e3,812946,"Batanes Island Super Typhoon Recovery Fund","Midnight Preprod",2026-09-29T01:56:57.835Z,https://preprod.midnightexplorer.com/transactions/020054b802cfac8062e35a58ea4c1b1ef90c54b802cfac8062e300000000000000
4,02005eecf780e299879e73f283e5659fc7d05eecf780e299879e00000000000000,claimAid,confirmed,5000,0x5eecf7...879e,812944,"Typhoon Marce QRF (District 1)","Midnight Preprod",2026-09-29T02:05:27.835Z,https://preprod.midnightexplorer.com/transactions/02005eecf780e299879e73f283e5659fc7d05eecf780e299879e00000000000000
5,02006921ec3118b2ac5a8d8c1d7fb02096946921ec3118b2ac5a00000000000000,claimAid,confirmed,2500,0x6921ec...ac5a,812943,"Siargao Flash Flood Emergency Response","Midnight Preprod",2026-09-29T02:13:57.835Z,https://preprod.midnightexplorer.com/transactions/02006921ec3118b2ac5a8d8c1d7fb02096946921ec3118b2ac5a00000000000000
6,02007356e0e24ecbd115a725b719faa165587356e0e24ecbd11500000000000000,claimAid,confirmed,5000,0x7356e0...d115,812941,"Davao Oriental Seismic Relief Tranche 1","Midnight Preprod",2026-09-29T02:22:27.835Z,https://preprod.midnightexplorer.com/transactions/02007356e0e24ecbd115a725b719faa165587356e0e24ecbd11500000000000000
7,02007d8bd59484e4f5d0c0bf50b24522341c7d8bd59484e4f5d000000000000000,claimAid,confirmed,5000,0x7d8bd5...f5d0,812940,"Batanes Island Super Typhoon Recovery Fund","Midnight Preprod",2026-09-29T02:30:57.835Z,https://preprod.midnightexplorer.com/transactions/02007d8bd59484e4f5d0c0bf50b24522341c7d8bd59484e4f5d000000000000000
8,020087c0ca45bafe1a8cda58ea4c8fa302e187c0ca45bafe1a8c00000000000000,authorizeTrancheQuorum,confirmed,250000,0x87c0ca...1a8c,812938,"Typhoon Marce QRF (District 1)","Midnight Preview",2026-09-29T02:39:27.835Z,https://preview.midnightexplorer.com/transactions/020087c0ca45bafe1a8cda58ea4c8fa302e187c0ca45bafe1a8c00000000000000
9,020091f5bef6f1173f47f3f283e5da23d1a591f5bef6f1173f4700000000000000,claimAid,confirmed,5000,0x91f5be...3f47,812937,"Siargao Flash Flood Emergency Response","Midnight Preprod",2026-09-29T02:47:57.835Z,https://preprod.midnightexplorer.com/transactions/020091f5bef6f1173f47f3f283e5da23d1a591f5bef6f1173f4700000000000000
10,02009c2ab3a8273064030d8c1d7f24a4a0699c2ab3a82730640300000000000000,claimAid,confirmed,2500,0x9c2ab3...6403,812935,"Davao Oriental Seismic Relief Tranche 1","Midnight Preprod",2026-09-29T02:56:27.835Z,https://preprod.midnightexplorer.com/transactions/02009c2ab3a8273064030d8c1d7f24a4a0699c2ab3a82730640300000000000000
11,0200a65fa8595d4988be2725b7196f256f2da65fa8595d4988be00000000000000,claimAid,confirmed,5000,0xa65fa8...88be,812934,"Batanes Island Super Typhoon Recovery Fund","Midnight Preprod",2026-09-29T03:04:57.835Z,https://preprod.midnightexplorer.com/transactions/0200a65fa8595d4988be2725b7196f256f2da65fa8595d4988be00000000000000
12,0200b0949d0a9362ad7940bf50b2b9a63df2b0949d0a9362ad7900000000000000,claimAid,failed,5000,0xb0949d...ad79,812932,"Typhoon Marce QRF (District 1)","Midnight Preprod",2026-09-29T03:13:27.835Z,https://preprod.midnightexplorer.com/transactions/0200b0949d0a9362ad7940bf50b2b9a63df2b0949d0a9362ad7900000000000000
13,0200bac991bbc97bd2355a58ea4c04270cb6bac991bbc97bd23500000000000000,authorizeTrancheQuorum,confirmed,500000,0xbac991...d235,812931,"Siargao Flash Flood Emergency Response","Midnight Preprod",2026-09-29T03:21:57.835Z,https://preprod.midnightexplorer.com/transactions/0200bac991bbc97bd2355a58ea4c04270cb6bac991bbc97bd23500000000000000
14,0200c4fe866dff94f6f073f283e54ea7db7ac4fe866dff94f6f000000000000000,claimAid,confirmed,5000,0xc4fe86...f6f0,812929,"Davao Oriental Seismic Relief Tranche 1","Midnight Preprod",2026-09-29T03:30:27.835Z,https://preprod.midnightexplorer.com/transactions/0200c4fe866dff94f6f073f283e54ea7db7ac4fe866dff94f6f000000000000000
15,0200cf337b1e35ae1bac8d8c1d7f9928aa3ecf337b1e35ae1bac00000000000000,claimAid,confirmed,2500,0xcf337b...1bac,812928,"Batanes Island Super Typhoon Recovery Fund","Midnight Preprod",2026-09-29T03:38:57.835Z,https://preprod.midnightexplorer.com/transactions/0200cf337b1e35ae1bac8d8c1d7f9928aa3ecf337b1e35ae1bac00000000000000
16,0200d9686fcf6bc74067a725b719e3a97903d9686fcf6bc7406700000000000000,claimAid,confirmed,5000,0xd9686f...4067,812926,"Typhoon Marce QRF (District 1)","Midnight Preview",2026-09-29T03:47:27.835Z,https://preview.midnightexplorer.com/transactions/0200d9686fcf6bc74067a725b719e3a97903d9686fcf6bc7406700000000000000
17,0200e39d6480a1e06522c0bf50b22e2a47c7e39d6480a1e0652200000000000000,claimAid,confirmed,5000,0xe39d64...6522,812925,"Siargao Flash Flood Emergency Response","Midnight Preprod",2026-09-29T03:55:57.835Z,https://preprod.midnightexplorer.com/transactions/0200e39d6480a1e06522c0bf50b22e2a47c7e39d6480a1e0652200000000000000
18,0200edd25932d7f989deda58ea4c78ab168bedd25932d7f989de00000000000000,authorizeTrancheQuorum,confirmed,750000,0xedd259...89de,812923,"Davao Oriental Seismic Relief Tranche 1","Midnight Preprod",2026-09-29T04:04:27.835Z,https://preprod.midnightexplorer.com/transactions/0200edd25932d7f989deda58ea4c78ab168bedd25932d7f989de00000000000000
19,0200f8074de30e12ae99f3f283e5c32be54ff8074de30e12ae9900000000000000,claimAid,confirmed,5000,0xf8074d...ae99,812922,"Batanes Island Super Typhoon Recovery Fund","Midnight Preprod",2026-09-29T04:12:57.835Z,https://preprod.midnightexplorer.com/transactions/0200f8074de30e12ae99f3f283e5c32be54ff8074de30e12ae9900000000000000
20,0200023c4294442bd3540d8c1d7f0dacb413023c4294442bd35400000000000000,claimAid,confirmed,2500,0x023c42...d354,812920,"Typhoon Marce QRF (District 1)","Midnight Preprod",2026-09-29T04:21:27.835Z,https://preprod.midnightexplorer.com/transactions/0200023c4294442bd3540d8c1d7f0dacb413023c4294442bd35400000000000000
21,02000c7137467a44f8102725b719582d82d80c7137467a44f81000000000000000,claimAid,confirmed,5000,0x0c7137...f810,812919,"Siargao Flash Flood Emergency Response","Midnight Preprod",2026-09-29T04:29:57.835Z,https://preprod.midnightexplorer.com/transactions/02000c7137467a44f8102725b719582d82d80c7137467a44f81000000000000000
22,020016a62bf7b05e1ccb40bf50b2a2ae519c16a62bf7b05e1ccb00000000000000,claimAid,confirmed,5000,0x16a62b...1ccb,812917,"Davao Oriental Seismic Relief Tranche 1","Midnight Preprod",2026-09-29T04:38:27.835Z,https://preprod.midnightexplorer.com/transactions/020016a62bf7b05e1ccb40bf50b2a2ae519c16a62bf7b05e1ccb00000000000000
23,020020db20a8e67741875a58ea4ced2f206020db20a8e677418700000000000000,authorizeTrancheQuorum,confirmed,1000000,0x20db20...4187,812916,"Batanes Island Super Typhoon Recovery Fund","Midnight Preprod",2026-09-29T04:46:57.835Z,https://preprod.midnightexplorer.com/transactions/020020db20a8e67741875a58ea4ced2f206020db20a8e677418700000000000000
24,02002b1015591c90664273f283e537afef242b1015591c90664200000000000000,claimAid,failed,5000,0x2b1015...6642,812914,"Typhoon Marce QRF (District 1)","Midnight Preview",2026-09-29T04:55:27.835Z,https://preview.midnightexplorer.com/transactions/02002b1015591c90664273f283e537afef242b1015591c90664200000000000000
25,020035450a0b52a98afd8d8c1d7f8230bde935450a0b52a98afd00000000000000,claimAid,confirmed,2500,0x35450a...8afd,812913,"Siargao Flash Flood Emergency Response","Midnight Preprod",2026-09-29T05:03:57.835Z,https://preprod.midnightexplorer.com/transactions/020035450a0b52a98afd8d8c1d7f8230bde935450a0b52a98afd00000000000000
26,02003f79febc88c2afb9a725b719ccb18cad3f79febc88c2afb900000000000000,claimAid,confirmed,5000,0x3f79fe...afb9,812911,"Davao Oriental Seismic Relief Tranche 1","Midnight Preprod",2026-09-29T05:12:27.835Z,https://preprod.midnightexplorer.com/transactions/02003f79febc88c2afb9a725b719ccb18cad3f79febc88c2afb900000000000000
27,020049aef36dbedbd474c0bf50b217325b7149aef36dbedbd47400000000000000,claimAid,confirmed,5000,0x49aef3...d474,812910,"Batanes Island Super Typhoon Recovery Fund","Midnight Preprod",2026-09-29T05:20:57.835Z,https://preprod.midnightexplorer.com/transactions/020049aef36dbedbd474c0bf50b217325b7149aef36dbedbd47400000000000000
28,020053e3e81ef4f4f92fda58ea4c61b32a3553e3e81ef4f4f92f00000000000000,authorizeTrancheQuorum,confirmed,250000,0x53e3e8...f92f,812908,"Typhoon Marce QRF (District 1)","Midnight Preprod",2026-09-29T05:29:27.835Z,https://preprod.midnightexplorer.com/transactions/020053e3e81ef4f4f92fda58ea4c61b32a3553e3e81ef4f4f92f00000000000000
29,02005e18dcd02b0e1debf3f283e5ac33f8fa5e18dcd02b0e1deb00000000000000,claimAid,confirmed,5000,0x5e18dc...1deb,812907,"Siargao Flash Flood Emergency Response","Midnight Preprod",2026-09-29T05:37:57.835Z,https://preprod.midnightexplorer.com/transactions/02005e18dcd02b0e1debf3f283e5ac33f8fa5e18dcd02b0e1deb00000000000000
30,0200684dd181612742a60d8c1d7ff6b4c7be684dd181612742a600000000000000,claimAid,confirmed,2500,0x684dd1...42a6,812905,"Davao Oriental Seismic Relief Tranche 1","Midnight Preprod",2026-09-29T05:46:27.835Z,https://preprod.midnightexplorer.com/transactions/0200684dd181612742a60d8c1d7ff6b4c7be684dd181612742a600000000000000
31,02007282c632974067622725b719413596827282c6329740676200000000000000,claimAid,confirmed,5000,0x7282c6...6762,812904,"Batanes Island Super Typhoon Recovery Fund","Midnight Preprod",2026-09-29T05:54:57.835Z,https://preprod.midnightexplorer.com/transactions/02007282c632974067622725b719413596827282c6329740676200000000000000
32,02007cb7bae3cd598c1d40bf50b28bb665467cb7bae3cd598c1d00000000000000,claimAid,confirmed,5000,0x7cb7ba...8c1d,812902,"Typhoon Marce QRF (District 1)","Midnight Preview",2026-09-29T06:03:27.835Z,https://preview.midnightexplorer.com/transactions/02007cb7bae3cd598c1d40bf50b28bb665467cb7bae3cd598c1d00000000000000
33,020086ecaf950372b0d85a58ea4cd637340a86ecaf950372b0d800000000000000,authorizeTrancheQuorum,confirmed,500000,0x86ecaf...b0d8,812901,"Siargao Flash Flood Emergency Response","Midnight Preprod",2026-09-29T06:11:57.835Z,https://preprod.midnightexplorer.com/transactions/020086ecaf950372b0d85a58ea4cd637340a86ecaf950372b0d800000000000000
34,02009121a446398bd59473f283e520b802cf9121a446398bd59400000000000000,claimAid,confirmed,5000,0x9121a4...d594,812899,"Davao Oriental Seismic Relief Tranche 1","Midnight Preprod",2026-09-29T06:20:27.835Z,https://preprod.midnightexplorer.com/transactions/02009121a446398bd59473f283e520b802cf9121a446398bd59400000000000000
35,02009b5698f76fa4fa4f8d8c1d7f6b38d1939b5698f76fa4fa4f00000000000000,claimAid,confirmed,2500,0x9b5698...fa4f,812898,"Batanes Island Super Typhoon Recovery Fund","Midnight Preprod",2026-09-29T06:28:57.835Z,https://preprod.midnightexplorer.com/transactions/02009b5698f76fa4fa4f8d8c1d7f6b38d1939b5698f76fa4fa4f00000000000000
36,0200a58b8da9a5be1f0ba725b719b5b9a057a58b8da9a5be1f0b00000000000000,claimAid,failed,5000,0xa58b8d...1f0b,812896,"Typhoon Marce QRF (District 1)","Midnight Preprod",2026-09-29T06:37:27.835Z,https://preprod.midnightexplorer.com/transactions/0200a58b8da9a5be1f0ba725b719b5b9a057a58b8da9a5be1f0b00000000000000
37,0200afc0825adbd743c6c0bf50b2003a6f1bafc0825adbd743c600000000000000,claimAid,confirmed,5000,0xafc082...43c6,812895,"Siargao Flash Flood Emergency Response","Midnight Preprod",2026-09-29T06:45:57.835Z,https://preprod.midnightexplorer.com/transactions/0200afc0825adbd743c6c0bf50b2003a6f1bafc0825adbd743c600000000000000
38,0200b9f5770b11f06881da58ea4c4abb3de0b9f5770b11f0688100000000000000,authorizeTrancheQuorum,confirmed,750000,0xb9f577...6881,812893,"Davao Oriental Seismic Relief Tranche 1","Midnight Preprod",2026-09-29T06:54:27.835Z,https://preprod.midnightexplorer.com/transactions/0200b9f5770b11f06881da58ea4c4abb3de0b9f5770b11f0688100000000000000
39,0200c42a6bbc48098d3df3f283e5953c0ca4c42a6bbc48098d3d00000000000000,claimAid,confirmed,5000,0xc42a6b...8d3d,812892,"Batanes Island Super Typhoon Recovery Fund","Midnight Preprod",2026-09-29T07:02:57.835Z,https://preprod.midnightexplorer.com/transactions/0200c42a6bbc48098d3df3f283e5953c0ca4c42a6bbc48098d3d00000000000000
40,0200ce5f606e7e22b1f80d8c1d7fdfbcdb68ce5f606e7e22b1f800000000000000,claimAid,confirmed,2500,0xce5f60...b1f8,812890,"Typhoon Marce QRF (District 1)","Midnight Preview",2026-09-29T07:11:27.835Z,https://preview.midnightexplorer.com/transactions/0200ce5f606e7e22b1f80d8c1d7fdfbcdb68ce5f606e7e22b1f800000000000000
41,0200d894551fb43bd6b32725b7192a3daa2cd894551fb43bd6b300000000000000,claimAid,confirmed,5000,0xd89455...d6b3,812889,"Siargao Flash Flood Emergency Response","Midnight Preprod",2026-09-29T07:19:57.835Z,https://preprod.midnightexplorer.com/transactions/0200d894551fb43bd6b32725b7192a3daa2cd894551fb43bd6b300000000000000
42,0200e2c949d0ea54fb6f40bf50b274be78f1e2c949d0ea54fb6f00000000000000,claimAid,confirmed,5000,0xe2c949...fb6f,812887,"Davao Oriental Seismic Relief Tranche 1","Midnight Preprod",2026-09-29T07:28:27.835Z,https://preprod.midnightexplorer.com/transactions/0200e2c949d0ea54fb6f40bf50b274be78f1e2c949d0ea54fb6f00000000000000
43,0200ecfe3e81206e202a5a58ea4cbf3f47b5ecfe3e81206e202a00000000000000,authorizeTrancheQuorum,confirmed,1000000,0xecfe3e...202a,812886,"Batanes Island Super Typhoon Recovery Fund","Midnight Preprod",2026-09-29T07:36:57.835Z,https://preprod.midnightexplorer.com/transactions/0200ecfe3e81206e202a5a58ea4cbf3f47b5ecfe3e81206e202a00000000000000
44,0200f7333333568744e673f283e509c01679f7333333568744e600000000000000,claimAid,confirmed,5000,0xf73333...44e6,812884,"Typhoon Marce QRF (District 1)","Midnight Preprod",2026-09-29T07:45:27.835Z,https://preprod.midnightexplorer.com/transactions/0200f7333333568744e673f283e509c01679f7333333568744e600000000000000
45,0200016827e48ca069a18d8c1d7f5440e53d016827e48ca069a100000000000000,claimAid,confirmed,2500,0x016827...69a1,812883,"Siargao Flash Flood Emergency Response","Midnight Preprod",2026-09-29T07:53:57.835Z,https://preprod.midnightexplorer.com/transactions/0200016827e48ca069a18d8c1d7f5440e53d016827e48ca069a100000000000000
46,02000b9d1c95c2b98e5ca725b7199ec1b4010b9d1c95c2b98e5c00000000000000,claimAid,confirmed,5000,0x0b9d1c...8e5c,812881,"Davao Oriental Seismic Relief Tranche 1","Midnight Preprod",2026-09-29T08:02:27.835Z,https://preprod.midnightexplorer.com/transactions/02000b9d1c95c2b98e5ca725b7199ec1b4010b9d1c95c2b98e5c00000000000000
47,020015d21147f8d2b318c0bf50b2e94282c615d21147f8d2b31800000000000000,claimAid,confirmed,5000,0x15d211...b318,812880,"Batanes Island Super Typhoon Recovery Fund","Midnight Preprod",2026-09-29T08:10:57.835Z,https://preprod.midnightexplorer.com/transactions/020015d21147f8d2b318c0bf50b2e94282c615d21147f8d2b31800000000000000
48,0200200705f82eebd7d3da58ea4c33c3518a200705f82eebd7d300000000000000,claimAid,failed,10000,0x200705...d7d3,812878,"Typhoon Marce QRF (District 1)","Midnight Preview",2026-09-29T08:19:27.835Z,https://preview.midnightexplorer.com/transactions/0200200705f82eebd7d3da58ea4c33c3518a200705f82eebd7d300000000000000
49,02002a3bfaa96504fc8ef3f283e57e44204e2a3bfaa96504fc8e00000000000000,claimAid,confirmed,5000,0x2a3bfa...fc8e,812877,"Siargao Flash Flood Emergency Response","Midnight Preprod",2026-09-29T08:27:57.835Z,https://preprod.midnightexplorer.com/transactions/02002a3bfaa96504fc8ef3f283e57e44204e2a3bfaa96504fc8e00000000000000
50,02003470ef5a9b1e214a0d8c1d7fc8c4ef123470ef5a9b1e214a00000000000000,claimAid,confirmed,2500,0x3470ef...214a,812875,"Davao Oriental Seismic Relief Tranche 1","Midnight Preprod",2026-09-29T08:36:27.835Z,https://preprod.midnightexplorer.com/transactions/02003470ef5a9b1e214a0d8c1d7fc8c4ef123470ef5a9b1e214a00000000000000
51,02003ea5e40cd13746052725b7191345bdd73ea5e40cd137460500000000000000,claimAid,confirmed,5000,0x3ea5e4...4605,812874,"Batanes Island Super Typhoon Recovery Fund","Midnight Preprod",2026-09-29T08:44:57.835Z,https://preprod.midnightexplorer.com/transactions/02003ea5e40cd13746052725b7191345bdd73ea5e40cd137460500000000000000
52,020048dad8bd07506ac140bf50b25dc68c9b48dad8bd07506ac100000000000000,claimAid,confirmed,5000,0x48dad8...6ac1,812872,"Typhoon Marce QRF (District 1)","Midnight Preprod",2026-09-29T08:53:27.835Z,https://preprod.midnightexplorer.com/transactions/020048dad8bd07506ac140bf50b25dc68c9b48dad8bd07506ac100000000000000
53,0200530fcd6e3d698f7c5a58ea4ca8475b5f530fcd6e3d698f7c00000000000000,authorizeTrancheQuorum,confirmed,500000,0x530fcd...8f7c,812871,"Siargao Flash Flood Emergency Response","Midnight Preprod",2026-09-29T09:01:57.835Z,https://preprod.midnightexplorer.com/transactions/0200530fcd6e3d698f7c5a58ea4ca8475b5f530fcd6e3d698f7c00000000000000
54,02005d44c21f7382b43773f283e5f2c82a235d44c21f7382b43700000000000000,claimAid,confirmed,5000,0x5d44c2...b437,812869,"Davao Oriental Seismic Relief Tranche 1","Midnight Preprod",2026-09-29T09:10:27.835Z,https://preprod.midnightexplorer.com/transactions/02005d44c21f7382b43773f283e5f2c82a235d44c21f7382b43700000000000000
55,02006779b6d1a99bd8f38d8c1d7f3d48f8e86779b6d1a99bd8f300000000000000,claimAid,confirmed,2500,0x6779b6...d8f3,812868,"Batanes Island Super Typhoon Recovery Fund","Midnight Preprod",2026-09-29T09:18:57.835Z,https://preprod.midnightexplorer.com/transactions/02006779b6d1a99bd8f38d8c1d7f3d48f8e86779b6d1a99bd8f300000000000000
56,020071aeab82dfb4fdaea725b71987c9c7ac71aeab82dfb4fdae00000000000000,claimAid,confirmed,5000,0x71aeab...fdae,812866,"Typhoon Marce QRF (District 1)","Midnight Preview",2026-09-29T09:27:27.835Z,https://preview.midnightexplorer.com/transactions/020071aeab82dfb4fdaea725b71987c9c7ac71aeab82dfb4fdae00000000000000
57,02007be3a03315ce226ac0bf50b2d24a96707be3a03315ce226a00000000000000,claimAid,confirmed,5000,0x7be3a0...226a,812865,"Siargao Flash Flood Emergency Response","Midnight Preprod",2026-09-29T09:35:57.835Z,https://preprod.midnightexplorer.com/transactions/02007be3a03315ce226ac0bf50b2d24a96707be3a03315ce226a00000000000000
58,0200861894e44be74725da58ea4c1ccb6534861894e44be7472500000000000000,authorizeTrancheQuorum,confirmed,750000,0x861894...4725,812863,"Davao Oriental Seismic Relief Tranche 1","Midnight Preprod",2026-09-29T09:44:27.835Z,https://preprod.midnightexplorer.com/transactions/0200861894e44be74725da58ea4c1ccb6534861894e44be7472500000000000000
59,0200904d899682006be0f3f283e5674c33f8904d899682006be000000000000000,claimAid,confirmed,5000,0x904d89...6be0,812862,"Batanes Island Super Typhoon Recovery Fund","Midnight Preprod",2026-09-29T09:52:57.835Z,https://preprod.midnightexplorer.com/transactions/0200904d899682006be0f3f283e5674c33f8904d899682006be000000000000000
60,02009a827e47b819909c0d8c1d7fb1cd02bd9a827e47b819909c00000000000000,claimAid,failed,2500,0x9a827e...909c,812860,"Typhoon Marce QRF (District 1)","Midnight Preprod",2026-09-29T10:01:27.835Z,https://preprod.midnightexplorer.com/transactions/02009a827e47b819909c0d8c1d7fb1cd02bd9a827e47b819909c00000000000000
61,0200a4b772f8ee32b5572725b719fc4dd181a4b772f8ee32b55700000000000000,claimAid,confirmed,5000,0xa4b772...b557,812859,"Siargao Flash Flood Emergency Response","Midnight Preprod",2026-09-29T10:09:57.835Z,https://preprod.midnightexplorer.com/transactions/0200a4b772f8ee32b5572725b719fc4dd181a4b772f8ee32b55700000000000000
62,0200aeec67aa244bda1240bf50b246cea045aeec67aa244bda1200000000000000,claimAid,confirmed,5000,0xaeec67...da12,812857,"Davao Oriental Seismic Relief Tranche 1","Midnight Preprod",2026-09-29T10:18:27.835Z,https://preprod.midnightexplorer.com/transactions/0200aeec67aa244bda1240bf50b246cea045aeec67aa244bda1200000000000000
63,0200b9215c5b5a64fece5a58ea4c914f6f09b9215c5b5a64fece00000000000000,authorizeTrancheQuorum,confirmed,1000000,0xb9215c...fece,812856,"Batanes Island Super Typhoon Recovery Fund","Midnight Preprod",2026-09-29T10:26:57.835Z,https://preprod.midnightexplorer.com/transactions/0200b9215c5b5a64fece5a58ea4c914f6f09b9215c5b5a64fece00000000000000
64,0200c356510c907e238973f283e5dbd03dcec356510c907e238900000000000000,claimAid,confirmed,5000,0xc35651...2389,812854,"Typhoon Marce QRF (District 1)","Midnight Preview",2026-09-29T10:35:27.835Z,https://preview.midnightexplorer.com/transactions/0200c356510c907e238973f283e5dbd03dcec356510c907e238900000000000000
65,0200cd8b45bdc69748458d8c1d7f26510c92cd8b45bdc697484500000000000000,claimAid,confirmed,2500,0xcd8b45...4845,812853,"Siargao Flash Flood Emergency Response","Midnight Preprod",2026-09-29T10:43:57.835Z,https://preprod.midnightexplorer.com/transactions/0200cd8b45bdc69748458d8c1d7f26510c92cd8b45bdc697484500000000000000
66,0200d7c03a6ffcb06d00a725b71970d1db56d7c03a6ffcb06d0000000000000000,claimAid,confirmed,5000,0xd7c03a...6d00,812851,"Davao Oriental Seismic Relief Tranche 1","Midnight Preprod",2026-09-29T10:52:27.835Z,https://preprod.midnightexplorer.com/transactions/0200d7c03a6ffcb06d00a725b71970d1db56d7c03a6ffcb06d0000000000000000
67,0200e1f52f2032c991bbc0bf50b2bb52aa1ae1f52f2032c991bb00000000000000,claimAid,confirmed,5000,0xe1f52f...91bb,812850,"Batanes Island Super Typhoon Recovery Fund","Midnight Preprod",2026-09-29T11:00:57.835Z,https://preprod.midnightexplorer.com/transactions/0200e1f52f2032c991bbc0bf50b2bb52aa1ae1f52f2032c991bb00000000000000
68,0200ec2a23d168e2b677da58ea4c05d378dfec2a23d168e2b67700000000000000,authorizeTrancheQuorum,confirmed,250000,0xec2a23...b677,812848,"Typhoon Marce QRF (District 1)","Midnight Preprod",2026-09-29T11:09:27.835Z,https://preprod.midnightexplorer.com/transactions/0200ec2a23d168e2b677da58ea4c05d378dfec2a23d168e2b67700000000000000
69,0200f65f18829efbdb32f3f283e5505447a3f65f18829efbdb3200000000000000,claimAid,confirmed,5000,0xf65f18...db32,812847,"Siargao Flash Flood Emergency Response","Midnight Preprod",2026-09-29T11:17:57.835Z,https://preprod.midnightexplorer.com/transactions/0200f65f18829efbdb32f3f283e5505447a3f65f18829efbdb3200000000000000
70,020000940d34d514ffee0d8c1d7f9ad5166700940d34d514ffee00000000000000,claimAid,confirmed,2500,0x00940d...ffee,812845,"Davao Oriental Seismic Relief Tranche 1","Midnight Preprod",2026-09-29T11:26:27.835Z,https://preprod.midnightexplorer.com/transactions/020000940d34d514ffee0d8c1d7f9ad5166700940d34d514ffee00000000000000
71,02000ac901e50b2e24a92725b719e555e52b0ac901e50b2e24a900000000000000,claimAid,confirmed,5000,0x0ac901...24a9,812844,"Batanes Island Super Typhoon Recovery Fund","Midnight Preprod",2026-09-29T11:34:57.835Z,https://preprod.midnightexplorer.com/transactions/02000ac901e50b2e24a92725b719e555e52b0ac901e50b2e24a900000000000000
72,020014fdf6964147496440bf50b22fd6b3ef14fdf6964147496400000000000000,claimAid,failed,5000,0x14fdf6...4964,812842,"Typhoon Marce QRF (District 1)","Midnight Preview",2026-09-29T11:43:27.835Z,https://preview.midnightexplorer.com/transactions/020014fdf6964147496440bf50b22fd6b3ef14fdf6964147496400000000000000
73,02001f32eb4777606e205a58ea4c7a5782b41f32eb4777606e2000000000000000,authorizeTrancheQuorum,confirmed,500000,0x1f32eb...6e20,812841,"Siargao Flash Flood Emergency Response","Midnight Preprod",2026-09-29T11:51:57.835Z,https://preprod.midnightexplorer.com/transactions/02001f32eb4777606e205a58ea4c7a5782b41f32eb4777606e2000000000000000
74,02002967dff9ad7992db73f283e5c4d851782967dff9ad7992db00000000000000,claimAid,confirmed,5000,0x2967df...92db,812839,"Davao Oriental Seismic Relief Tranche 1","Midnight Preprod",2026-09-29T12:00:27.835Z,https://preprod.midnightexplorer.com/transactions/02002967dff9ad7992db73f283e5c4d851782967dff9ad7992db00000000000000
75,0200339cd4aae392b7968d8c1d7f0f59203c339cd4aae392b79600000000000000,claimAid,confirmed,2500,0x339cd4...b796,812838,"Batanes Island Super Typhoon Recovery Fund","Midnight Preprod",2026-09-29T12:08:57.835Z,https://preprod.midnightexplorer.com/transactions/0200339cd4aae392b7968d8c1d7f0f59203c339cd4aae392b79600000000000000
76,02003dd1c95b19abdc52a725b71959d9ef003dd1c95b19abdc5200000000000000,claimAid,confirmed,5000,0x3dd1c9...dc52,812836,"Typhoon Marce QRF (District 1)","Midnight Preprod",2026-09-29T12:17:27.835Z,https://preprod.midnightexplorer.com/transactions/02003dd1c95b19abdc52a725b71959d9ef003dd1c95b19abdc5200000000000000
77,02004806be0d4fc5010dc0bf50b2a45abdc54806be0d4fc5010d00000000000000,claimAid,confirmed,5000,0x4806be...010d,812835,"Siargao Flash Flood Emergency Response","Midnight Preprod",2026-09-29T12:25:57.835Z,https://preprod.midnightexplorer.com/transactions/02004806be0d4fc5010dc0bf50b2a45abdc54806be0d4fc5010d00000000000000
78,0200523bb2be85de25c9da58ea4ceedb8c89523bb2be85de25c900000000000000,authorizeTrancheQuorum,confirmed,750000,0x523bb2...25c9,812833,"Davao Oriental Seismic Relief Tranche 1","Midnight Preprod",2026-09-29T12:34:27.835Z,https://preprod.midnightexplorer.com/transactions/0200523bb2be85de25c9da58ea4ceedb8c89523bb2be85de25c900000000000000
79,02005c70a76fbbf74a84f3f283e5395c5b4d5c70a76fbbf74a8400000000000000,claimAid,confirmed,5000,0x5c70a7...4a84,812832,"Batanes Island Super Typhoon Recovery Fund","Midnight Preprod",2026-09-29T12:42:57.835Z,https://preprod.midnightexplorer.com/transactions/02005c70a76fbbf74a84f3f283e5395c5b4d5c70a76fbbf74a8400000000000000
80,020066a59c20f2106f3f0d8c1d7f83dd2a1166a59c20f2106f3f00000000000000,claimAid,confirmed,2500,0x66a59c...6f3f,812830,"Typhoon Marce QRF (District 1)","Midnight Preview",2026-09-29T12:51:27.835Z,https://preview.midnightexplorer.com/transactions/020066a59c20f2106f3f0d8c1d7f83dd2a1166a59c20f2106f3f00000000000000
81,020070da90d2282993fb2725b719ce5df8d670da90d2282993fb00000000000000,claimAid,confirmed,5000,0x70da90...93fb,812829,"Siargao Flash Flood Emergency Response","Midnight Preprod",2026-09-29T12:59:57.835Z,https://preprod.midnightexplorer.com/transactions/020070da90d2282993fb2725b719ce5df8d670da90d2282993fb00000000000000
82,02007b0f85835e42b8b640bf50b218dec79a7b0f85835e42b8b600000000000000,claimAid,confirmed,5000,0x7b0f85...b8b6,812827,"Davao Oriental Seismic Relief Tranche 1","Midnight Preprod",2026-09-29T13:08:27.835Z,https://preprod.midnightexplorer.com/transactions/02007b0f85835e42b8b640bf50b218dec79a7b0f85835e42b8b600000000000000
83,020085447a34945bdd715a58ea4c635f965e85447a34945bdd7100000000000000,authorizeTrancheQuorum,confirmed,1000000,0x85447a...dd71,812826,"Batanes Island Super Typhoon Recovery Fund","Midnight Preprod",2026-09-29T13:16:57.835Z,https://preprod.midnightexplorer.com/transactions/020085447a34945bdd715a58ea4c635f965e85447a34945bdd7100000000000000
84,02008f796ee5ca75022d73f283e5ade065228f796ee5ca75022d00000000000000,claimAid,failed,5000,0x8f796e...022d,812824,"Typhoon Marce QRF (District 1)","Midnight Preprod",2026-09-29T13:25:27.835Z,https://preprod.midnightexplorer.com/transactions/02008f796ee5ca75022d73f283e5ade065228f796ee5ca75022d00000000000000
85,020099ae6397008e26e88d8c1d7ff86133e699ae6397008e26e800000000000000,claimAid,confirmed,2500,0x99ae63...26e8,812823,"Siargao Flash Flood Emergency Response","Midnight Preprod",2026-09-29T13:33:57.835Z,https://preprod.midnightexplorer.com/transactions/020099ae6397008e26e88d8c1d7ff86133e699ae6397008e26e800000000000000
86,0200a3e3584836a74ba4a725b71942e202aba3e3584836a74ba400000000000000,claimAid,confirmed,5000,0xa3e358...4ba4,812821,"Davao Oriental Seismic Relief Tranche 1","Midnight Preprod",2026-09-29T13:42:27.835Z,https://preprod.midnightexplorer.com/transactions/0200a3e3584836a74ba4a725b71942e202aba3e3584836a74ba400000000000000
87,0200ae184cf96cc0705fc0bf50b28d62d16fae184cf96cc0705f00000000000000,claimAid,confirmed,5000,0xae184c...705f,812820,"Batanes Island Super Typhoon Recovery Fund","Midnight Preprod",2026-09-29T13:50:57.835Z,https://preprod.midnightexplorer.com/transactions/0200ae184cf96cc0705fc0bf50b28d62d16fae184cf96cc0705f00000000000000
88,0200b84d41aba2d9951ada58ea4cd7e3a033b84d41aba2d9951a00000000000000,authorizeTrancheQuorum,confirmed,250000,0xb84d41...951a,812818,"Typhoon Marce QRF (District 1)","Midnight Preview",2026-09-29T13:59:27.835Z,https://preview.midnightexplorer.com/transactions/0200b84d41aba2d9951ada58ea4cd7e3a033b84d41aba2d9951a00000000000000
89,0200c282365cd8f2b9d6f3f283e522646ef7c282365cd8f2b9d600000000000000,claimAid,confirmed,5000,0xc28236...b9d6,812817,"Siargao Flash Flood Emergency Response","Midnight Preprod",2026-09-29T14:07:57.835Z,https://preprod.midnightexplorer.com/transactions/0200c282365cd8f2b9d6f3f283e522646ef7c282365cd8f2b9d600000000000000
90,0200ccb72b0d0f0bde910d8c1d7f6ce53dbcccb72b0d0f0bde9100000000000000,claimAid,confirmed,2500,0xccb72b...de91,812815,"Davao Oriental Seismic Relief Tranche 1","Midnight Preprod",2026-09-29T14:16:27.835Z,https://preprod.midnightexplorer.com/transactions/0200ccb72b0d0f0bde910d8c1d7f6ce53dbcccb72b0d0f0bde9100000000000000
91,0200d6ec1fbe4525034d2725b719b7660c80d6ec1fbe4525034d00000000000000,claimAid,confirmed,5000,0xd6ec1f...034d,812814,"Batanes Island Super Typhoon Recovery Fund","Midnight Preprod",2026-09-29T14:24:57.835Z,https://preprod.midnightexplorer.com/transactions/0200d6ec1fbe4525034d2725b719b7660c80d6ec1fbe4525034d00000000000000
92,0200e12114707b3e280840bf50b201e6db44e12114707b3e280800000000000000,claimAid,confirmed,5000,0xe12114...2808,812812,"Typhoon Marce QRF (District 1)","Midnight Preprod",2026-09-29T14:33:27.835Z,https://preprod.midnightexplorer.com/transactions/0200e12114707b3e280840bf50b201e6db44e12114707b3e280800000000000000
93,0200eb560921b1574cc35a58ea4c4c67aa08eb560921b1574cc300000000000000,authorizeTrancheQuorum,confirmed,500000,0xeb5609...4cc3,812811,"Siargao Flash Flood Emergency Response","Midnight Preprod",2026-09-29T14:41:57.835Z,https://preprod.midnightexplorer.com/transactions/0200eb560921b1574cc35a58ea4c4c67aa08eb560921b1574cc300000000000000
94,0200f58afdd2e770717f73f283e596e878cdf58afdd2e770717f00000000000000,claimAid,confirmed,5000,0xf58afd...717f,812809,"Davao Oriental Seismic Relief Tranche 1","Midnight Preprod",2026-09-29T14:50:27.835Z,https://preprod.midnightexplorer.com/transactions/0200f58afdd2e770717f73f283e596e878cdf58afdd2e770717f00000000000000
95,0200ffbff2831d89963a8d8c1d7fe1694791ffbff2831d89963a00000000000000,claimAid,confirmed,2500,0xffbff2...963a,812808,"Batanes Island Super Typhoon Recovery Fund","Midnight Preprod",2026-09-29T14:58:57.835Z,https://preprod.midnightexplorer.com/transactions/0200ffbff2831d89963a8d8c1d7fe1694791ffbff2831d89963a00000000000000
96,020009f4e73553a2baf5a725b7192bea165509f4e73553a2baf500000000000000,claimAid,failed,5000,0x09f4e7...baf5,812806,"Typhoon Marce QRF (District 1)","Midnight Preview",2026-09-29T15:07:27.835Z,https://preview.midnightexplorer.com/transactions/020009f4e73553a2baf5a725b7192bea165509f4e73553a2baf500000000000000
97,02001429dbe689bbdfb1c0bf50b2766ae5191429dbe689bbdfb100000000000000,claimAid,confirmed,5000,0x1429db...dfb1,812805,"Siargao Flash Flood Emergency Response","Midnight Preprod",2026-09-29T15:15:57.835Z,https://preprod.midnightexplorer.com/transactions/02001429dbe689bbdfb1c0bf50b2766ae5191429dbe689bbdfb100000000000000
98,02001e5ed097bfd5046cda58ea4cc0ebb3de1e5ed097bfd5046c00000000000000,authorizeTrancheQuorum,confirmed,750000,0x1e5ed0...046c,812803,"Davao Oriental Seismic Relief Tranche 1","Midnight Preprod",2026-09-29T15:24:27.835Z,https://preprod.midnightexplorer.com/transactions/02001e5ed097bfd5046cda58ea4cc0ebb3de1e5ed097bfd5046c00000000000000
99,02002893c548f5ee2928f3f283e50b6c82a22893c548f5ee292800000000000000,claimAid,confirmed,5000,0x2893c5...2928,812802,"Batanes Island Super Typhoon Recovery Fund","Midnight Preprod",2026-09-29T15:32:57.835Z,https://preprod.midnightexplorer.com/transactions/02002893c548f5ee2928f3f283e50b6c82a22893c548f5ee292800000000000000
100,020032c8b9fa2c074de30d8c1d7f55ed516632c8b9fa2c074de300000000000000,claimAid,confirmed,2500,0x32c8b9...4de3,812800,"Typhoon Marce QRF (District 1)","Midnight Preprod",2026-09-29T15:41:27.835Z,https://preprod.midnightexplorer.com/transactions/020032c8b9fa2c074de30d8c1d7f55ed516632c8b9fa2c074de300000000000000